customer_id,customer_name,city,orders,total_spend,last_order_days,first_order_date,last_order_date
C0001,Aarav Reddy,Bengaluru,4,2140,8,2026-09-09,2026-09-28
C0002,Aditya Joshi,Chennai,3,1719,56,2026-07-21,2026-08-11
C0003,Rohan Kumar,Delhi,3,2274,17,2026-08-15,2026-09-19
C0004,Aarav Gupta,Kolkata,1,848,40,2026-06-25,2026-08-27
C0005,Priya Sharma,Delhi,4,1804,59,2026-07-19,2026-08-08
C0006,Priya Kumar,Mumbai,1,548,60,2026-05-29,2026-08-07
C0007,Pooja Verma,Delhi,4,3308,4,2026-06-11,2026-10-02
C0008,Vikram Nair,Chennai,4,2016,54,2026-05-13,2026-08-13
C0009,Arjun Joshi,Chennai,3,1215,27,2026-05-19,2026-09-09
C0010,Arjun Joshi,Hyderabad,4,2660,44,2026-06-16,2026-08-23
C0011,Neha Joshi,Bengaluru,2,1540,54,2026-07-19,2026-08-13
C0012,Karan Verma,Pune,3,1458,23,2026-07-17,2026-09-13
C0013,Kabir Gupta,Bengaluru,4,2388,38,2026-05-07,2026-08-29
C0014,Neha Sharma,Mumbai,1,824,42,2026-06-25,2026-08-25
C0015,Aarav Nair,Mumbai,4,2684,34,2026-05-18,2026-09-02
C0016,Ishita Sharma,Pune,3,1956,50,2026-05-14,2026-08-17
C0017,Tanvi Singh,Chennai,4,1956,11,2026-07-04,2026-09-25
C0018,Sneha Gupta,Kolkata,4,1684,2,2026-09-02,2026-10-04
C0019,Sneha Singh,Bengaluru,3,2424,24,2026-06-02,2026-09-12
C0020,Vikram Gupta,Pune,4,1596,8,2026-06-26,2026-09-28
C0021,Priya Joshi,Delhi,1,441,29,2026-08-22,2026-09-07
C0022,Devansh Joshi,Hyderabad,1,678,46,2026-05-17,2026-08-21
C0023,Aditya Sharma,Delhi,3,2664,32,2026-08-16,2026-09-04
C0024,Devansh Joshi,Delhi,4,2308,3,2026-06-29,2026-10-03
C0025,Arjun Kumar,Hyderabad,1,766,57,2026-05-01,2026-08-10
C0026,Rohan Nair,Pune,2,1558,7,2026-06-01,2026-09-29
C0027,Karan Sharma,Kolkata,4,2696,21,2026-08-13,2026-09-15
C0028,Karan Reddy,Kolkata,4,2348,10,2026-07-05,2026-09-26
C0029,Neha Joshi,Bengaluru,2,1618,39,2026-06-25,2026-08-28
C0030,Aditya Sharma,Pune,2,1262,44,2026-08-06,2026-08-23
C0031,Neha Verma,Kolkata,4,2216,29,2026-05-14,2026-09-07
C0032,Devansh Sharma,Mumbai,3,2535,35,2026-06-13,2026-09-01
C0033,Kabir Kumar,Delhi,1,678,48,2026-06-18,2026-08-19
C0034,Ananya Mehta,Delhi,1,538,34,2026-07-18,2026-09-02
C0035,Ananya Nair,Delhi,4,1684,34,2026-08-08,2026-09-02
C0036,Ananya Joshi,Mumbai,1,498,19,2026-06-22,2026-09-17
C0037,Ananya Patel,Chennai,3,1323,23,2026-06-20,2026-09-13
C0038,Kabir Kumar,Kolkata,2,1602,59,2026-05-24,2026-08-08
C0039,Sneha Gupta,Kolkata,1,530,47,2026-05-24,2026-08-20
C0040,Ishita Verma,Delhi,4,3468,16,2026-07-03,2026-09-20
