order_id,customer_id,product_id,order_date,quantity,price,discount,revenue,status
O000001,C0009,P010,2026-09-26,1,499,0,499.0,Completed
O000002,C0032,P006,2026-08-30,1,899,20,879.0,Completed
O000003,C0024,P011,2026-08-20,1,499,0,499.0,Completed
O000004,C0022,P013,2026-08-18,1,899,0,899.0,Completed
O000005,C0004,P014,2026-09-29,1,999,0,999.0,Returned
O000006,C0036,P007,2026-08-14,1,699,0,699.0,Returned
O000007,C0033,P014,2026-08-10,1,999,50,949.0,Completed
O000008,C0020,P002,2026-09-21,1,899,0,899.0,Completed
O000009,C0029,P005,2026-08-29,1,399,0,399.0,Completed
O000010,C0030,P009,2026-08-28,1,399,0,399.0,Returned
O000011,C0012,P002,2026-09-22,2,899,0,1798.0,Completed
O000012,C0035,P001,2026-08-27,1,799,0,799.0,Completed
O000013,C0015,P010,2026-10-03,1,499,0,499.0,Returned
O000014,C0039,P013,2026-10-03,1,899,0,899.0,Cancelled
O000015,C0021,P012,2026-08-11,1,349,0,349.0,Completed
O000016,C0019,P003,2026-08-09,1,699,0,699.0,Completed
O000017,C0032,P011,2026-09-24,1,499,20,479.0,Completed
O000018,C0034,P014,2026-10-02,1,999,0,999.0,Completed
O000019,C0019,P009,2026-09-10,2,399,0,798.0,Completed
O000020,C0013,P009,2026-09-02,1,399,50,349.0,Completed
O000021,C0029,P002,2026-09-17,2,899,0,1798.0,Completed
O000022,C0023,P003,2026-08-22,1,699,20,679.0,Cancelled
O000023,C0016,P015,2026-08-08,1,399,0,399.0,Completed
O000024,C0021,P009,2026-08-22,2,399,0,798.0,Completed
O000025,C0028,P012,2026-08-25,1,349,20,329.0,Completed
O000026,C0021,P004,2026-09-26,1,999,0,999.0,Completed
O000027,C0015,P007,2026-09-03,1,699,0,699.0,Completed
O000028,C0013,P007,2026-10-01,2,699,0,1398.0,Completed
O000029,C0009,P008,2026-08-15,1,599,0,599.0,Completed
O000030,C0023,P009,2026-08-29,1,399,0,399.0,Completed
O000031,C0014,P007,2026-09-13,1,699,20,679.0,Completed
O000032,C0006,P013,2026-08-18,1,899,0,899.0,Completed
O000033,C0031,P003,2026-08-28,1,699,20,679.0,Completed
O000034,C0010,P004,2026-09-18,1,999,0,999.0,Completed
O000035,C0004,P003,2026-08-15,2,699,0,1398.0,Completed
O000036,C0023,P008,2026-09-28,1,599,0,599.0,Completed
O000037,C0028,P006,2026-08-25,1,899,20,879.0,Completed
O000038,C0026,P006,2026-08-10,1,899,0,899.0,Completed
O000039,C0008,P015,2026-09-11,1,399,0,399.0,Completed
O000040,C0039,P015,2026-09-30,1,399,0,399.0,Completed
O000041,C0027,P009,2026-09-30,1,399,0,399.0,Completed
O000042,C0003,P010,2026-09-29,1,499,0,499.0,Completed
O000043,C0023,P009,2026-08-12,1,399,0,399.0,Completed
O000044,C0012,P010,2026-09-22,1,499,0,499.0,Completed
O000045,C0035,P004,2026-08-19,1,999,0,999.0,Completed
O000046,C0023,P007,2026-10-02,1,699,0,699.0,Completed
O000047,C0035,P003,2026-08-08,1,699,0,699.0,Completed
O000048,C0011,P013,2026-09-21,1,899,20,879.0,Completed
O000049,C0018,P002,2026-10-04,1,899,20,879.0,Completed
O000050,C0009,P005,2026-09-09,1,399,0,399.0,Completed
O000051,C0008,P011,2026-08-28,1,499,0,499.0,Completed
O000052,C0020,P008,2026-09-15,1,599,20,579.0,Completed
O000053,C0029,P014,2026-10-03,1,999,0,999.0,Completed
O000054,C0012,P014,2026-09-02,1,999,0,999.0,Completed
O000055,C0001,P013,2026-08-12,1,899,0,899.0,Completed
O000056,C0018,P007,2026-09-28,1,699,0,699.0,Completed
O000057,C0002,P002,2026-09-12,1,899,0,899.0,Completed
O000058,C0035,P012,2026-09-14,1,349,0,349.0,Completed
O000059,C0022,P001,2026-10-02,1,799,0,799.0,Cancelled
O000060,C0028,P004,2026-10-01,1,999,0,999.0,Completed
O000061,C0010,P003,2026-10-03,1,699,0,699.0,Completed
O000062,C0029,P010,2026-09-21,1,499,0,499.0,Completed
O000063,C0028,P012,2026-10-06,1,349,0,349.0,Completed
O000064,C0014,P002,2026-10-05,1,899,0,899.0,Completed
O000065,C0002,P004,2026-09-21,1,999,20,979.0,Completed
