product_id,product_name,category,price,cost,views,add_to_cart,checkout,units_sold,returns,rating
P001,Premium Hoodie,Fashion,799,380,260,42,24,14,1,4.2
P002,Running Shoes,Footwear,899,450,310,58,36,22,1,4.5
P003,Wireless Earbuds,Electronics,699,320,240,38,21,12,0,4.0
P004,Smart Watch,Electronics,999,500,280,46,28,16,1,4.3
P005,Cotton T-Shirt,Fashion,399,150,340,64,40,26,1,4.4
P006,Denim Jacket,Fashion,899,420,180,28,16,9,0,3.9
P007,Laptop Backpack,Accessories,699,310,290,52,32,18,1,4.6
P008,Bluetooth Speaker,Electronics,599,280,210,34,19,11,1,3.8
P009,Sunglasses,Accessories,399,160,190,30,17,10,0,4.1
P010,Sports Track Pants,Fashion,499,220,250,44,26,15,1,4.3
P011,Face Serum,Beauty,499,190,220,36,22,13,1,4.2
P012,Moisturizer,Beauty,349,120,270,48,30,19,1,4.5
P013,Coffee Maker,Home,899,450,160,26,14,8,0,4.1
P014,Air Fryer,Home,999,520,230,39,22,12,1,4.4
P015,Yoga Mat,Fitness,399,150,200,32,18,10,0,4.0
