order_id,customer_id,product_id,order_date,quantity,revenue,status
O1001,C001,P001,2026-09-01,1,3499,Delivered
O1002,C002,P002,2026-09-02,2,4598,Delivered
O1003,C003,P005,2026-09-03,1,4999,Delivered
O1004,C004,P006,2026-09-04,3,2397,Delivered
O1005,C005,P004,2026-09-05,1,1799,Returned
O1006,C006,P003,2026-09-06,2,3998,Delivered
O1007,C007,P008,2026-09-07,4,2796,Delivered
O1008,C008,P002,2026-09-08,1,2299,Delivered
O1009,C009,P007,2026-09-09,1,1499,Delivered
O1010,C010,P005,2026-09-10,1,4999,Delivered
O1011,C001,P003,2026-09-11,1,1999,Delivered
O1012,C006,P001,2026-09-12,1,3499,Delivered
O1013,C010,P006,2026-09-13,2,1598,Delivered
O1014,C004,P004,2026-09-14,1,1799,Delivered
O1015,C002,P006,2026-09-15,2,1598,Delivered
O1016,C007,P003,2026-09-16,1,1999,Delivered
